{
  "day": 30.641666666666666,
  "species_weights": [
    0.04994653599879898,
    0.04984778336126204,
    0.049931332300308315,
    0.050024802008771234,
    0.0500420749381225,
    0.049918376532838385,
    0.050025282480367174,
    0.04981759903956564,
    0.050097225553184604,
    0.049950006407181335,
    0.050124764177639516,
    0.04999590036926353,
    0.05011829428692401,
    0.04999093543901708,
    0.04990750805747418,
    0.05010979594971701,
    0.05005576317159237,
    0.05000196478198073,
    0.05004873858788922,
    0.05004531655810199
  ]
}